{
  "mbert": {
    "en-fr": {
      "1": {
        "same_mean": 0.238847459839395,
        "diff_mean": 0.20856264092147467,
        "cohens_d": 0.1294884658198669,
        "p_value": 0.030065622641865856
      },
      "4": {
        "same_mean": 0.31414680207706985,
        "diff_mean": 0.23694598954200047,
        "cohens_d": 0.3864693372042945,
        "p_value": 3.0336388212940856e-09
      },
      "7": {
        "same_mean": 0.3525307911404234,
        "diff_mean": 0.1987061089867493,
        "cohens_d": 0.9933317239710804,
        "p_value": 2.2735145973534847e-44
      },
      "10": {
        "same_mean": 0.3242928377091885,
        "diff_mean": 0.1543757515011821,
        "cohens_d": 1.2248493016468398,
        "p_value": 2.234021892415287e-63
      },
      "-1": {
        "same_mean": 0.27454333038441836,
        "diff_mean": 0.14296844587289526,
        "cohens_d": 0.9683094050101306,
        "p_value": 1.2114322989143586e-46
      }
    },
    "en-zh": {
      "1": {
        "same_mean": 0.1313517449071078,
        "diff_mean": 0.11555439180264875,
        "cohens_d": 0.15080416105475472,
        "p_value": 0.01134567039735408
      },
      "4": {
        "same_mean": 0.23183649251842872,
        "diff_mean": 0.16181883180211298,
        "cohens_d": 0.6046178401047814,
        "p_value": 9.124681135254002e-19
      },
      "7": {
        "same_mean": 0.3014716852372512,
        "diff_mean": 0.15024587478119064,
        "cohens_d": 1.3008331139851428,
        "p_value": 4.285404546741456e-68
      },
      "10": {
        "same_mean": 0.29077498757280407,
        "diff_mean": 0.11376083321229088,
        "cohens_d": 1.5779531887527611,
        "p_value": 7.556817608049503e-89
      },
      "-1": {
        "same_mean": 0.24590657856222242,
        "diff_mean": 0.10041247687372379,
        "cohens_d": 1.4510569172353582,
        "p_value": 2.1201883953724224e-80
      }
    },
    "en-ru": {
      "1": {
        "same_mean": 0.11369088734241085,
        "diff_mean": 0.09252685152674531,
        "cohens_d": 0.19061109790602784,
        "p_value": 0.0023871510446272057
      },
      "4": {
        "same_mean": 0.21489175021741538,
        "diff_mean": 0.15355560303339735,
        "cohens_d": 0.49920787698914876,
        "p_value": 6.849858740432264e-14
      },
      "7": {
        "same_mean": 0.29286276239622383,
        "diff_mean": 0.1514189582822728,
        "cohens_d": 1.0987281400819833,
        "p_value": 1.5906702379021042e-52
      },
      "10": {
        "same_mean": 0.27433765240735375,
        "diff_mean": 0.11923838719556806,
        "cohens_d": 1.2482623247146118,
        "p_value": 8.25912838481685e-65
      },
      "-1": {
        "same_mean": 0.2228596182622714,
        "diff_mean": 0.09897969634558831,
        "cohens_d": 1.1318635829911678,
        "p_value": 3.184143449546969e-55
      }
    }
  },
  "xlmr": {
    "en-fr": {
      "1": {
        "same_mean": 0.19533814028499183,
        "diff_mean": 0.17268037591788196,
        "cohens_d": 0.10987654435052342,
        "p_value": 0.04343988587082475
      },
      "4": {
        "same_mean": 0.29810265224101024,
        "diff_mean": 0.2226039528446272,
        "cohens_d": 0.41632117376427225,
        "p_value": 7.635955341997357e-11
      },
      "7": {
        "same_mean": 0.36988440520945004,
        "diff_mean": 0.21937131435982882,
        "cohens_d": 0.9535331579654307,
        "p_value": 6.333481400129606e-43
      },
      "10": {
        "same_mean": 0.4016654663758818,
        "diff_mean": 0.21138329210598023,
        "cohens_d": 1.179606536020979,
        "p_value": 1.018994277968763e-59
      },
      "-1": {
        "same_mean": 0.347914685043972,
        "diff_mean": 0.1966635167566128,
        "cohens_d": 0.8817931121805598,
        "p_value": 8.466388501518782e-38
      }
    },
    "en-zh": {
      "1": {
        "same_mean": 0.13910095263959374,
        "diff_mean": 0.1215967797190533,
        "cohens_d": 0.16837475488306197,
        "p_value": 0.0014936858925209341
      },
      "4": {
        "same_mean": 0.2350397363152588,
        "diff_mean": 0.16647432244266383,
        "cohens_d": 0.5820863008455062,
        "p_value": 1.0727308096713879e-20
      },
      "7": {
        "same_mean": 0.3003278878363781,
        "diff_mean": 0.16671949089854024,
        "cohens_d": 1.151407720499999,
        "p_value": 1.7600195917390923e-57
      },
      "10": {
        "same_mean": 0.338842814120464,
        "diff_mean": 0.16077150693917064,
        "cohens_d": 1.425082519610097,
        "p_value": 1.7357073189050485e-77
      },
      "-1": {
        "same_mean": 0.29131929387804123,
        "diff_mean": 0.15263365006865934,
        "cohens_d": 1.0769992669804453,
        "p_value": 1.4549363347842215e-51
      }
    },
    "en-ru": {
      "1": {
        "same_mean": 0.12499954965266806,
        "diff_mean": 0.10347458301007283,
        "cohens_d": 0.18071367535699281,
        "p_value": 0.003138260392182193
      },
      "4": {
        "same_mean": 0.2455637412138749,
        "diff_mean": 0.17438813717471202,
        "cohens_d": 0.5384425041739089,
        "p_value": 1.306727027699946e-16
      },
      "7": {
        "same_mean": 0.32927255519479515,
        "diff_mean": 0.1814886606230284,
        "cohens_d": 1.1432944639942486,
        "p_value": 2.0303312979724796e-55
      },
      "10": {
        "same_mean": 0.35226986759901047,
        "diff_mean": 0.175015349325462,
        "cohens_d": 1.3061282167709167,
        "p_value": 1.4786806925368048e-69
      },
      "-1": {
        "same_mean": 0.305763029753929,
        "diff_mean": 0.16213050246797503,
        "cohens_d": 1.0151320846093004,
        "p_value": 1.8176408214158405e-48
      }
    }
  }
}